title,date_or_period,author_or_creator,description_or_abstract,url_to_original_object,manuscript_id_or_shelfmark,trove_category,trove_id,trove_url
Armenia,1991-2002,United States. Central Intelligence Agency,,https://nla.gov.au/nla.obj-1913197011-t,"1867714 - MAP G7150 1992, 345340 - MAP G7150 1991, MAP G7150 2002",image,16850542,https://trove.nla.gov.au/work/16850542
Armenia,1999,Maps.com (Firm),,http://site.ebrary.com/id/10002366,ILL permitted international,image,204404100,https://trove.nla.gov.au/work/204404100
Armenia / Azerbajan 2010: Itm.0140,2006,,,https://trove.nla.gov.au/work/200687989,,image,200687989,https://trove.nla.gov.au/work/200687989
Armenien : Armenia = Arménie = Armenii︠a︡ / Reise Know-How,2020,Reise Know-How Verlag,,https://trove.nla.gov.au/work/255148253,,image,255148253,https://trove.nla.gov.au/work/255148253
Hypsometric Map Europe Armenia / Maps.com(CR),1999,Maps.com(CR),,http://ebookcentral.proquest.com/lib/ucm/detail.action?docID=3329692,,image,179885413,https://trove.nla.gov.au/work/179885413
Political Map Europe Armenia / Maps.com(CR),1999,Maps.com(CR),,http://VH7QX3XE2P.search.serialssolutions.com/?V=1.0&L=VH7QX3XE2P&S=AC_T_B&C=Political%20Map%20Europe%20Armenia&T=marc&tab=BOOKS,,image,179895799,https://trove.nla.gov.au/work/179895799
Political Map Europe Armenia / Maps.com(CR),1999,Maps.com (Firm),,http://VH7QX3XE2P.search.serialssolutions.com/?V=1.0&L=VH7QX3XE2P&S=AC_T_B&C=Political%20Map%20Europe%20Armenia&T=marc&tab=BOOKS,Held,image,262630703,https://trove.nla.gov.au/work/262630703
Hypsometric Map Europe Armenia / Maps.com(CR),1999,Maps.com (Firm),,http://gold.worcester.edu/login?url=http://site.ebrary.com/lib/worcesteruniv/Doc?id=10002533,Held,image,262630519,https://trove.nla.gov.au/work/262630519
Maps of Armenia from approximately 1878 to 1970,1878-1970,,,https://trove.nla.gov.au/work/185164474,,image,185164474,https://trove.nla.gov.au/work/185164474
"International travel maps, Armenia & Azerbaijan : International travel maps, Azerbaijan & Armenia / Lan Joyce, editor in chief",2012,International Travel Maps (Firm),,https://trove.nla.gov.au/work/191865164,held,image,191865164,https://trove.nla.gov.au/work/191865164
Consequences of the aggression of Armenia against Azerbaijan / Ministry of Foreign Affairs of the Republic of Azerbaijan,2019,Azerbaijan. Xarici Işlär Nazirliyi,,https://nla.gov.au/nla.obj-2578056490-t,8174308 - Electronic Resource,image,239099154,https://trove.nla.gov.au/work/239099154
Armenia and mountainous Karabakh map,2011,,,https://trove.nla.gov.au/work/169534865,5785572 - MAP G7150 2011,image,169534865,https://trove.nla.gov.au/work/169534865
"Georgia, Armenia : scale 1:430,000 Tbilisi, Yerevan / ITMB ; edited by Yusuke Ujimiya, Mark Ramsay, Tran Dinh Cuong, Phuong Vu",2018,ITMB Publishing Ltd.,,https://trove.nla.gov.au/work/250697076,,image,250697076,https://trove.nla.gov.au/work/250697076
Armenia and Mountainous Karabakh : political administrative map / project A. Mouradyan ; author Collage Ltd. ; design A. Djermakian,2004,"Muradyan, Ashot, 1955-2003",,https://trove.nla.gov.au/work/176429798,6190535 - MAP G7151.F7 2004,image,176429798,https://trove.nla.gov.au/work/176429798
"Republic of Armenia, Birds of Armenia reference map / Birds of Armenia (BOA) cartographic team members--project manager Sarkis Acopian (USA) ; assistant project manager Georgia Hariton (USA) ; chief compiler Levan M. Janoian (Armenia) ; map prepared by MapQuest.com, Inc., Mountville, Pennsylvania",1999,"MapQuest.com, Inc",,https://trove.nla.gov.au/work/238710876,held,image,238710876,https://trove.nla.gov.au/work/238710876
"Planos de ciudades, Armenia / Ministerio de Hacienda y Crédito Público, Instituto Geográfico Agustín Codazzi, Subdirección Cartográfica",1998,"Instituto Geográfico ""Agustín Codazzi."". Subdirección Cartográfica",,https://trove.nla.gov.au/work/239323758,,image,239323758,https://trove.nla.gov.au/work/239323758
"Armenia & Azerbaijan, scale 1:560,000 / International Travel Maps ; Lan Joyce, editor in chief",2010-2012,International Travel Maps (Firm),,https://trove.nla.gov.au/work/37021435,held,image,37021435,https://trove.nla.gov.au/work/37021435
Digital map of Armenia,2007,"Environmental Systems Research Institute (Redlands, Calif.)",,https://trove.nla.gov.au/work/239323768,,image,239323768,https://trove.nla.gov.au/work/239323768
"An international travel map of Armenia and Azerbaijan : scale 1:650,000 / design and computer cartography: Roland W. Hardt",1997-2000,"Hardt, Roland W",,https://trove.nla.gov.au/work/23684655,SRL held 20 Dec 2001,image,23684655,https://trove.nla.gov.au/work/23684655
"Armenia and Azerbaijan, scale 1:650,000 / cartographic material / International Travel Maps",2006,International Travel Maps (Firm),,https://trove.nla.gov.au/work/20343353,3793736 - MAP G7151.E635 2006,image,20343353,https://trove.nla.gov.au/work/20343353
"Boundary between Turkey and Armenia : as determined by Woodrow Wilson, president of the United States of America / map compiled under the direction of Major Lawrence Martin, General Staff, U.S. Army, by the Topographic Branch U.S. Geological Survey, in cooperation with the Department of State, from field observations by the Harbord Mission and from maps of the Turkish General Staff, scale 1:200,000, German maps prepared during the war, scale 1:400,000, and British maps of Persian and Transcaucasian territory, scale 1:1,000,000 ; engraved and printed by the U.S. Geological Survey",1920,"Martin, Lawrence, 1880-1955",,http://hdl.loc.gov/loc.gmd/g7431f.ct000197,,image,248841612,https://trove.nla.gov.au/work/248841612
"Hayastan ev Leṛnayin Gharabagh, kartez / nakhagitsě--A. Muradyan ; heginak--G. Beglaryan = Map, Armenia & mountainous Karabakh / project--A. Mouradyan ; author--G. Beglaryan",2004,Kollazh SPĚ,,https://trove.nla.gov.au/work/20630866,held,image,20630866,https://trove.nla.gov.au/work/20630866
"USSR (Armenia)-Turkey, Leninakan, Series: K502, Sheet NK 38-10, 1955, 1:250 000",1955-2019,,,https://openresearch-repository.anu.edu.au/bitstreams/eacbb7c7-8cd4-40ac-9ca7-67c8c7b1a670/download,,image,235559078,https://trove.nla.gov.au/work/235559078
"Major Muslim ethnic groups in Armenia, Iran, and the Islamic Commonwealth states",1992,United States. Central Intelligence Agency,,http://memory.loc.gov/gmd/gmd700/g7001/g7001e/ct000943.gif,,image,19675245,https://trove.nla.gov.au/work/19675245
"USSR (Georgia, Armenia)-Turkey, Borzhomi, Series: K502, Sheet NK 38-7, 1955, 1:250 000",1955-2019,,,https://openresearch-repository.anu.edu.au/bitstreams/eed3315a-ee47-47d5-9fa9-e2275535bfe0/download,,image,235559079,https://trove.nla.gov.au/work/235559079
"Major Muslim ethnic groups in Armenia, Iran, and the Islamic Commonwealth states",1992,United States. Central Intelligence Agency,,http://hdl.loc.gov/loc.gmd/g7001e.ct000943,held,image,34902636,https://trove.nla.gov.au/work/34902636
"Hayastan ev Leṛnayin Gharabagh, kʼartēz / nakhagitsě--A. Muradyan ; heginak--Kollazh SPĚ = Armenia and Mountainous Karabakh map / project--A. Mouradyan ; author--Collage Ltd",2005-2012,"Beglaryan, Grigor",,https://trove.nla.gov.au/work/182055060,,image,182055060,https://trove.nla.gov.au/work/182055060
Departamento de Quindío,1995,"Instituto Geográfico ""Agustín Codazzi."". Subdirección Cartográfica",,https://trove.nla.gov.au/work/239323750,,image,239323750,https://trove.nla.gov.au/work/239323750
"Map of Armenia and adjacent countries / by H. F. B. Lynch & F. Oswald ; the material compiled by W. Shawe, 1901",1901,"Lynch, H. F. B. (Harry Finnis Blosse), 1862-1913",,https://trove.nla.gov.au/work/252143200,,image,252143200,https://trove.nla.gov.au/work/252143200
Armenien und Georgien um 1200 : Armenia and Georgia circa 1200 / Autor: Robert H. Hewsen ; Kartograph: Christian Bandomer ; Kartographische Gesamtleitung: Wolfgang Denk,1988,"Hewsen, Robert H",,https://trove.nla.gov.au/work/35377169,,image,35377169,https://trove.nla.gov.au/work/35377169
Colches Armenia Mesopotamia Assyria &c,1842,"Arrowsmith, Samuel, d. 1839",,https://trove.nla.gov.au/work/34311396,3772826 - MAP Ra 119,image,34311396,https://trove.nla.gov.au/work/34311396
Consequences of aggression of Armenia against Azerbaijan,2019,Azerbaijan. Xarici Işlär Nazirliyi,,https://trove.nla.gov.au/work/248602029,,image,248602029,https://trove.nla.gov.au/work/248602029
"Kaukasus : Caucasus, Armenia, Azerbaijan, Georgia = Caucase = Cáucaso = Kavkaz",2019,Reise Know-How Verlag,,https://trove.nla.gov.au/work/255079561,,image,255079561,https://trove.nla.gov.au/work/255079561
"Armenia, Mesopotamia, Babylonia et Assyria cum adjacentibus regionibus",1855,"Spruner von Merz, Karl, 1803-1892",,https://trove.nla.gov.au/work/172093320,3798603 - MAP Ra 139,image,172093320,https://trove.nla.gov.au/work/172093320
"Armenia according to the Sevres Peace Treaty : august 10, 1920 and arbitration decision by US president Voodrow Wilson / map is formed and published by the State Committee of the Real Property Cadastre of the Government of the RA ; ; author, B. Harutyunyan ; editor in chief, A. Nazaryan",2007,Geodeziayi ev Kʻartezagrutʻyan Kentron (Armenia),,https://trove.nla.gov.au/work/253833926,,image,253833926,https://trove.nla.gov.au/work/253833926
"Armenia guide map, Yerevan city panorama",2011,Kollazh SPĚ,,https://trove.nla.gov.au/work/234658553,held,image,234658553,https://trove.nla.gov.au/work/234658553
"Armenia, guide-map, Yerevan city panorama / Collage Agency = Kʻartēz-ughʻetsuytsʻ / Kollazh",2007-2014,Kollazh SPĚ,,https://trove.nla.gov.au/work/182834720,,image,182834720,https://trove.nla.gov.au/work/182834720
"Major States & Cultures of the World c.100 CE -- North America, South America, Africa, Europe, Asia, Australia, Roman Empire, Armenia, Central America Map / Maps.com(CR)",1999,Maps.com(CR),,https://ebookcentral.proquest.com/lib/uvic/detail.action?docID=3329795,,image,191327804,https://trove.nla.gov.au/work/191327804
"Stanfords ""Treaty map"" of south eastern Europe and Armenia",1878,Edward Stanford Ltd,,http://nla.gov.au/nla.obj-232290035-t,714532 - MAP RM 3513,image,33295546,https://trove.nla.gov.au/work/33295546
"Caucasus, Armenia-Azerbaijan-Georgia : scale 1:1,000,000 / prepared by Map Link",2003,GiziMap (Firm),,https://trove.nla.gov.au/work/251439527,,image,251439527,https://trove.nla.gov.au/work/251439527
Armenien und Georgien im 10. und 11. Jahrhundert : Armenia and Georgia in the 10th and 11th centuries / Autor: Robert H. Hewsen ; Kartograph: Christian Bandomer ; Kartographische Gesamtleitung: Wolfgang Denk,1988,"Hewsen, Robert H",,https://trove.nla.gov.au/work/35377189,,image,35377189,https://trove.nla.gov.au/work/35377189
"A geological map of Armenia and its border-ranges with indications of mineral-springs / drawn and hand colored by Felix Oswald, D.D.c., F.G.S",1907,"Oswald, Felix, 1866-1958",,https://trove.nla.gov.au/work/252143281,,image,252143281,https://trove.nla.gov.au/work/252143281
"Major States & Cultures of the World c.100 CE -- North America, South America, Africa, Europe, Asia, Australia, Roman Empire, Armenia, Central America Map / Maps.com(CR)",1999,Maps.com (Firm),,http://VH7QX3XE2P.search.serialssolutions.com/?V=1.0&L=VH7QX3XE2P&S=AC_T_B&C=Major%20States%20&%20Cultures%20of%20the%20World%20c.100%20CE%20--%20North%20America%2C%20South%20America%2C%20Africa%2C%20Europe%2C%20Asia%2C%20Australia%2C%20Roman%20Empire%2C%20Armenia%2C%20Central%20America%20Map&T=marc&tab=BOOKS,Held,image,262627596,https://trove.nla.gov.au/work/262627596
"Persia sive Sophorum regnum : cum Armenia, Assyria, Mesopotamia et Babilonia",1711-1717,,,https://trove.nla.gov.au/work/228969746,3290157 - MAP Ra 24,image,228969746,https://trove.nla.gov.au/work/228969746
Joint operations graphic (air) / prepared and published by the Defense Mapping Agency Hydrographic/Topographic Center,1966,United States. Defense Mapping Agency. Hydrographic/Topographic Center,,https://trove.nla.gov.au/work/8287768,held,image,8287768,https://trove.nla.gov.au/work/8287768
Armenien und Georgien : Das Christentum im Mittelalter (7.-15. Jahrhundert) = Armenia and Georgia : Christianity in the Middle Ages (7th-15th century / Autor: Robert H. Hewsen ; Kartograph: Christian Bandomer ; Kartographische Gesamtleitung: Wolfgang Denk,1989,"Hewsen, Robert H",,https://trove.nla.gov.au/work/35380590,,image,35380590,https://trove.nla.gov.au/work/35380590
"Road map of new independent countries of Azerbaijan, Armenia, Georgia, Ukraine, Moldova, Belarus, Lithuania / designed provided & printed by Gita Shenasi Geographic & Cartographic Organization",1994,Shirkat-i Gītā Shināsī,,https://trove.nla.gov.au/work/14738721,,image,14738721,https://trove.nla.gov.au/work/14738721
"The north part of Turky in Asia : containing Asia Minor, Armenia, Syria, Diarbeck, Irac-Arabick &c / by H. Moll geographer",1711-1717,,,https://trove.nla.gov.au/work/228969741,3288865 - MAP Ra 24,image,228969741,https://trove.nla.gov.au/work/228969741
Armenien und Georgien : Christentum und Territorialentwicklung vom 4. bis zum 7. Jahrhundert = Armenia and Georgia : Christianity and territorial development from the 4th to the 7th century / Autor: Robert H. Hewsen ; Kartograph: Christian Bandomer ; Kartographische Gesamtleitung: Wolfgang Denk,1987,"Hewsen, Robert H",,https://trove.nla.gov.au/work/35376842,,image,35376842,https://trove.nla.gov.au/work/35376842
"Tabula III Asiae : hae sunt e cognitis totius orbis : provinciis seu praefecturis quas tertia Asiae tabula complectitur, Colchis, Iberia, Albania, Armenia maior",1535,"Ptolemy, active 2nd century",,https://trove.nla.gov.au/work/162223554,5785303 - MAP Ra 1,image,162223554,https://trove.nla.gov.au/work/162223554
"Caucasus 1:1,000,000, Armenia-Azerbaijan-Georgia : geographical map, index, relief with elevation tints / Gizi Map",2001,GiziMap (Firm),,https://trove.nla.gov.au/work/17559518,3793731 - MAP G7121.E635 2001,image,17559518,https://trove.nla.gov.au/work/17559518
"A new map of the eastern parts of Asia Minor : largely taken, as also of Syria, Armenia, Mesopotamia &c. : shewing their antient divisions, countries or people, chiefe cities, towns, rivers, mountains &c. : dedicated to His Highness William Duke of Gloucester",1700,"Wells, Edward,1667-1727","Relief shown pictorially. Phillips,",http://hdl.handle.net/11343/23778,,image,191542238,https://trove.nla.gov.au/work/191542238
"A new map of the eastern parts of Asia Minor : largely taken, as also of Syria, Armenia, Mesopotamia &c. : shewing their antient divisions, countries or people, chiefe cities, towns, rivers, mountains &c. : dedicated to His Highness William Duke of Gloucester / R. Spofforth, Sculp",1700,"Wells, Edward, 1667-1727",,http://repository.unimelb.edu.au/10187/3078,held,image,33347187,https://trove.nla.gov.au/work/33347187
The Daily Telegraph war map of Egypt and the Near East / by Alexander Gross,1918,"Gross, Alexander, 1879-1958",,https://nla.gov.au/nla.obj-233672692-t,3100250 - MAP G7421.S65 1918?,image,11445757,https://trove.nla.gov.au/work/11445757
"Major states and cultures of the world, c. 100 CE",1999,Maps.com (Firm),,https://trove.nla.gov.au/work/257231435,ILL permitted international,image,257231435,https://trove.nla.gov.au/work/257231435
"Touristic map of Yerevan, capital of Republic of Armenia : with the history of Yerevan = Carte touristique de Yérévan, capitale de la République dArménie : avec lhistorique de Yérévan",2010,Hayassa Publications (Firm),,https://trove.nla.gov.au/work/151779952,,image,151779952,https://trove.nla.gov.au/work/151779952
"Kaukasus--Georgien, Armenien, Aserbaidschan, Autokarte 1:700 000 : Ortsregister, Entfernungen in km., touristische Informationen / Freytag & Berndt = Caucasus--Georgia, Armenia, Azerbaijan, road map 1:700 000 : index, distances in km., tourist information / cartography F&B Freytag & Berndt",2010,"Freytag, Berndt und Artaria",,https://trove.nla.gov.au/work/37465385,,image,37465385,https://trove.nla.gov.au/work/37465385
"A new map of the eastern parts of Asia Minor largely taken: as also of Syria, Armenia, Mesopotamia &c. shewing their antient divisions, countries or people, chiefe cities, towns, rivers, mountains &c. / R. Spofforth sculp",1700,"Wells, Edward, 1667-1727",,https://trove.nla.gov.au/work/14861642,3547027 - MAP Ra 21,image,14861642,https://trove.nla.gov.au/work/14861642
Map to illustrate the Treaty of Berlin,1878,Edward Stanford Ltd,,http://nla.gov.au/nla.obj-232290202-t,715071 - MAP RM 3514,image,33296417,https://trove.nla.gov.au/work/33296417
"Principium Asiae : hae sunt e cognitis totius orbis : provinciis seu praefecturis quas prima Asiae tabula complectitur, Pontus, Bithynia, quae propriae Asia dicitur in qua Phyrgia, Lycia, Pamphilia, in qua Pisidia, Galatia, in qua Paphlagonia, & Isauria, Capadocia, Armenia Minor, Cilicia",1535,"Ptolemy, active 2nd century",,https://trove.nla.gov.au/work/162010047,5784356 - MAP Ra 1,image,162010047,https://trove.nla.gov.au/work/162010047
"Nova Persiae, Armeniae, Natoliae et Arabiae",1662,"Wit, Frederik de","Relief shown pictorially. Koeman, C. Atlantes Neerlandici,",http://hdl.handle.net/11343/23794,,image,191542254,https://trove.nla.gov.au/work/191542254
"Armenian great genocide 1915 / this map is formed and published by the State Committee of the Real Property Cadastre of the Government of the Republic of Armenia ""Centre of Geodesy and Cartography"" SNCO ; author--Professor Dr. B. Harutyunyan ; editor in chief--A. Nazaryan ; editor--S. Yousefyan",2004,"Harutʻyunyan, B. H. (Babken H.)",,https://trove.nla.gov.au/work/191054604,6928275 - MAP G7431.S6 2004,image,191054604,https://trove.nla.gov.au/work/191054604
"Armi︠a︡nskai︠a︡ SSR : uchebnai︠a︡ karta / karta sostavlena Tbilisskoĭ kartograficheskoĭ fabrikoĭ GUGK v 1949 g. i ispravlena v 1955 g. ; redaktor--Suzdalʹt︠s︡eva, N.A",1955,Soviet Union. Glavnoe upravlenie geodezii i kartografii,,https://nla.gov.au/nla.obj-2237684357-t,8126688 - MAP G7150 1955,image,237560558,https://trove.nla.gov.au/work/237560558
"Nova Persiae, Armeniae, Natoliae et Arabiae / descriptio per F. de Wit",1662,"Wit, Frederik de",,http://repository.unimelb.edu.au/10187/2996,held,image,33345876,https://trove.nla.gov.au/work/33345876
Erewani hatakagitsě 1920 tʻ / M. Astuatsatureantsʻ,1920,"Astuatsaturean, M",,http://hdl.loc.gov/loc.gmd/g7154y.ct003521,,image,162812936,https://trove.nla.gov.au/work/162812936
"Erevan, kʼartēz / nakhagitsě--A. Muradyan ; heginak--G. Beglaryan = Yerevan map / Collage Agency ; project--A. Mouradyan ; author--G. Beglaryan",2005-2012,"Beglaryan, Grigor",,https://trove.nla.gov.au/work/182055061,,image,182055061,https://trove.nla.gov.au/work/182055061
Woodrow Wilson map collection,1908-1920,"Wilson, Woodrow, 1856-1924",,https://trove.nla.gov.au/work/248841563,,image,248841563,https://trove.nla.gov.au/work/248841563
"Yerevan, kʻaghakʻi hapʻakazich : Yerevan, plan of the city : plan of the down-town, list of renaming, scheme of subway",2004,"Beglaryan, Grigor",,https://trove.nla.gov.au/work/199654585,,image,199654585,https://trove.nla.gov.au/work/199654585
"Erevan, towristakan kʼartēz / nakhagitsě--A. Muradyani ; heginak--G. Beglaryan = Yerevan guide map / project--A. Mouradyan ; author--G. Beglaryan",2009-2012,"Beglaryan, Grigor",,https://trove.nla.gov.au/work/185164450,,image,185164450,https://trove.nla.gov.au/work/185164450
Armaviri marz / nakhagitsě--A. Muradyan ; heginak--G. Beglaryan = Armavir Marz / Collage Agency ; project--A. Mouradyan ; author--G. Beglaryan,2008,"Beglaryan, Grigor",,https://trove.nla.gov.au/work/182595262,,image,182595262,https://trove.nla.gov.au/work/182595262
Shiraki marz / nakhagitsě--A. Muradyan ; heginak--G. Beglaryan ; hamavarz. ajkh.--A. Ohanyan = Shirak Marz / Collage Agency ; project--A. Mouradyan ; author--G. Beglaryan ; comp. assistance--A. Ohanyan,2008-2013,"Beglaryan, Grigor",,https://trove.nla.gov.au/work/182595260,,image,182595260,https://trove.nla.gov.au/work/182595260
Tavushi marz / nakhagitsě--A. Muradyan ; heginak--G. Beglaryan = Tavush Marz / Collage Agency ; project--A. Mouradyan ; author--G. Beglaryan,2008,"Beglaryan, Grigor",,https://trove.nla.gov.au/work/182381668,,image,182381668,https://trove.nla.gov.au/work/182381668
"Erevan, towristakan kʼartēz / nakhagitsě--A. Muradyan ; heginak--G. Beglaryan = Yerevan guide map / Collage Agency ; project--A. Mouradyan ; author--G. Beglaryan",2007,"Beglaryan, Grigor",,https://trove.nla.gov.au/work/182381667,,image,182381667,https://trove.nla.gov.au/work/182381667
Gegharkʻunikʻi marz / nakhagitsě--A. Muradyan ; heginak--G. Beglaryan = Gegharkunik Marz / Collage Agency ; project--A. Mouradyan ; author--G. Beglaryan,2008,"Beglaryan, Grigor",,https://trove.nla.gov.au/work/182595249,,image,182595249,https://trove.nla.gov.au/work/182595249
Loṛu marz / nakhagitsě--A. Muradyan ; heginak--G. Beglaryan = Syunik Marz / Collage Agency ; project--A. Mouradyan ; author--G. Beglaryan,2008,"Beglaryan, Grigor",,https://trove.nla.gov.au/work/182381670,,image,182381670,https://trove.nla.gov.au/work/182381670
Uzbekistan : Usbekistan = Ouzbékistan = Uzbekistán / Reise Know-How,2023,Reise Know-How Verlag,,https://trove.nla.gov.au/work/255148254,,image,255148254,https://trove.nla.gov.au/work/255148254
Syunikʻi marz / nakhagitsě--A. Muradyan ; heginak--G. Beglaryan = Syunik Marz / Collage Agency ; project--A. Mouradyan ; author--G. Beglaryan,2008,"Beglaryan, Grigor",,https://trove.nla.gov.au/work/182381669,,image,182381669,https://trove.nla.gov.au/work/182381669
Vayotsʻ Dzori marz / nakhagitsě--A. Muradyan ; heginak--G. Beglaryan = Vayots Dzor Marz / Collage Agency ; project--A. Mouradyan ; author--G. Beglaryan,2008,"Beglaryan, Grigor",,https://trove.nla.gov.au/work/182381671,,image,182381671,https://trove.nla.gov.au/work/182381671
Ararati marz / nakhagitsě--A. Muradyan ; heginak--G. Beglaryan = Ararat Marz / Collage Agency ; project--A. Mouradyan ; author--G. Beglaryan,2008,"Beglaryan, Grigor",,https://trove.nla.gov.au/work/183092540,,image,183092540,https://trove.nla.gov.au/work/183092540
"Nova Persiæ, Anatolia et Arabia / by F. de Wit",1970,"Wit, Frederik de",,https://trove.nla.gov.au/work/239102404,,image,239102404,https://trove.nla.gov.au/work/239102404
Kotaykʻi marz / nakhagitsě--A. Muradyan ; heginak--G. Beglaryan = Kotayk Marz / Collage Agency ; project--A. Mouradyan ; author--G. Beglaryan,2008,"Beglaryan, Grigor",,https://trove.nla.gov.au/work/183331170,,image,183331170,https://trove.nla.gov.au/work/183331170
Aragatsotni marz / nakhagitsě--A. Muradyan ; heginak--G. Beglaryan = Aragatzotn Marz / Collage Agency ; project--A. Mouradyan ; author--G. Beglaryan,2008,"Beglaryan, Grigor",,https://trove.nla.gov.au/work/183092543,,image,183092543,https://trove.nla.gov.au/work/183092543
"Hayastaně Arain Hamashkharhayin Paterazmi tarinerin (1914-1918 tʻtʻ.) / kʻartezě dzewavorel ev tpagrutʻyan ē patrastel P.K. Poghosyaně ; kʻartezi heghinak B.H. Harutʻyunyan, Erevan, 1980 tʻ",1980,"Poghosyan, P. K",,https://trove.nla.gov.au/work/251637366,,image,251637366,https://trove.nla.gov.au/work/251637366
Արցախ և Ստեփանակերտ : Republic of Artsakh and Stepanakert / project: A. Muradyan ; author: G. Beglaryan,2017,"Beglaryan, Grigor",,https://trove.nla.gov.au/work/238080242,8150378 - MAP G7151.E635 2017,image,238080242,https://trove.nla.gov.au/work/238080242
"Yevropeyskaya chast Rossii 1:42,000: Barishi (Sheet XCII)",1881-1940,"Russia. Armii︠a︡. Korpus voennykh topografov, cartographer, issuing body","Scale 1:42,000. 1 in. = 1 verst (E 17°2500""--E 32°0200""/N 56°0600""--N 48°4400"").",https://nla.gov.au/nla.obj-1030140458-t,,image,249308382,https://trove.nla.gov.au/work/249308382
"Yevropeyskaya chast Rossii 1:42,000 / Korpus voennykh topografov",1881-1940,Russia. Armii︠a︡. Korpus voennykh topografov,,https://nla.gov.au/nla.obj-1030140458-t,8033369 - MAP G7010 s42,image,235458018,https://trove.nla.gov.au/work/235458018
Tektonische Übersichtskarte Armeniens / von Felix Oswald,1910,"Oswald, Felix, 1866-1958",,https://trove.nla.gov.au/work/6220924,held,image,6220924,https://trove.nla.gov.au/work/6220924
Topograficheskai︠a︡ karta Zakavkazʹi︠a︡ masshtaba 1:42 000: Alexandropol (Sheet XXXI-31),1881-1930,"Russia. Armii︠a︡. Korpus voennykh topografov, cartographer, issuing body","Scale 1:42,000. 1 in. = 1 verst (E 36°2900""--E 51°0500""/N 47°5200""--N 38°0000"").",https://nla.gov.au/nla.obj-3012981340-t,,image,249308381,https://trove.nla.gov.au/work/249308381
Ermenistan Ittihat Cumhuriyetiyle Türkiye Cumhuriyeti,1925,,,https://trove.nla.gov.au/work/252653586,,image,252653586,https://trove.nla.gov.au/work/252653586
"Yerevan guide-map / the guide-map compiled by the Architectural and Planning Department of Yerevan City Council Executive Committee (1 January, 1968) ; compiler, M.H. Mesropian",1968,"Mesropi︠a︡n, M.",,https://trove.nla.gov.au/work/255991705,,image,255991705,https://trove.nla.gov.au/work/255991705
"Stadtplanskizze von Erewan / Generalstab des Heeres, Abteilung für Kriegskarten und Vermessungswesen (IV. Mil.-Geo.)",1941,Germany. Heer. Abteilung für Kriegskarten- und Vermessungswesen. IV. Mil.-Geo.,,https://trove.nla.gov.au/work/255637399,,image,255637399,https://trove.nla.gov.au/work/255637399
Gyumri / nakhagitsě--A. Muradyan ; heginak--G. Beglaryan ; dzelavorum--A. Dermakyan = Gyumri / Collage Agency ; project--A. Mouradyan ; author--G. Beglaryan ; design--A. Djermakian,2008,"Beglaryan, Grigor",,https://trove.nla.gov.au/work/189996298,,image,189996298,https://trove.nla.gov.au/work/189996298
Topograficheskai︠a︡ karta Zakavkazʹi︠a︡ masshtaba 1:42 000 / Korpus voennykh topografov,1881-1930,Russia. Armii︠a︡. Korpus voennykh topografov,,https://nla.gov.au/nla.obj-1030195351-t,8033330 - MAP G7010 s42,image,32133065,https://trove.nla.gov.au/work/32133065
"Russland (Kaukasus) 1:200 000, Sonderausgabe / Herausgegeben vom OKH/ Gen. St d H, Chef des Kriegskarten- und Vermessungswesens",1941-1943,Germany. Heer. Generalstab. Chef des Kriegskarten- und Vermessungswesens,,https://nla.gov.au/nla.obj-892599575-t,7899040 - MAP G7120 s200,image,235394457,https://trove.nla.gov.au/work/235394457
Erewan : Stadtplan mit Mil.-Geo Objekten,1944,Nationalsozialistische Deutsche Arbeiter-Partei. Schutzstaffel. Reichssicherheitshauptamt,,https://trove.nla.gov.au/work/255637492,,image,255637492,https://trove.nla.gov.au/work/255637492
"Russland (Kaukasus) 1:200 000, Sonderausgabe: --- (Sheet L 38 XXVI)",1941-1943,"Germany. Heer. Generalstab. Chef des Kriegskarten- und Vermessungswesens, cartographer, issuing body","Scale 1:200,000. 1 cm. = 2 km. (E 38°0800""--E 50°3600""/N 45°5100""--N 39°3300"").",https://nla.gov.au/nla.obj-892599575-t,,image,255140367,https://trove.nla.gov.au/work/255140367
Plan g. Ėrivani / po utevrzhd. proektu akademika arkhit. A. I. Tamai︠a︡na,1932,"Tʻamanyan, Alekʻsandr, 1878-1936",,https://trove.nla.gov.au/work/255991704,,image,255991704,https://trove.nla.gov.au/work/255991704
"Carte de la route de m. Zurabek, ambassadeur de S.M. Polonaise, à Cha-Ussein i.e. Sha Hussein, Roi du Perse, depuis Chamakié jusquà Hispahan / dressé par G. DelIsle ... 1722",1780,"LIsle, Guillaume de, 1675-1726.",,http://acms.sl.nsw.gov.au/album/albumView.aspx?itemID=914604&acmsid=0,Held,image,260850900,https://trove.nla.gov.au/work/260850900
"Östlicher Mittelmeerraum und Mesopotamien, Armenisches und Georgisches Christentum, 1878-1914 : Eastern Mediterranean and Mesopotamia, Armenian and Georgian Christianity, 1878-1914 / Auto, Robert H. Hewsen ; Kartograph, Christian Bandomer",1990,"Hewsen, Robert H",,https://trove.nla.gov.au/work/21190113,held,image,21190113,https://trove.nla.gov.au/work/21190113
Caucasus scale 1:650 000 : waterproof / ITM,2007,International Travel Maps (Firm),,https://trove.nla.gov.au/work/33796996,held,image,33796996,https://trove.nla.gov.au/work/33796996
"Vorderer Orient : Romer und Parther (14-138 n. Chr.) = Middle East, Romans and Parthians (14-138 a.d.) / autoren: Irene Pill-Rademacher et. al. ; Kartograph: Horst Pohlmann ; Kartographische Gesamtleitung: Wolfgang Denk",1988,"Pill-Rademacher, Irene",,https://trove.nla.gov.au/work/35375797,,image,35375797,https://trove.nla.gov.au/work/35375797
1915-22 tʻtʻ. Hayotsʻ Tsʻeghaspanoētʻyoēně,2010,"Beglaryan, Grigor",,https://trove.nla.gov.au/work/224123300,7339982 - MAP G7431.S6 1922,image,224123300,https://trove.nla.gov.au/work/224123300
"Southern Russia and Transcaucasia 1:100,000 / Generalʹnyĭ shtab",1972-2000,Soviet Union. Sovetskai︠a︡ Armii︠a︡. Generalʹnyĭ shtab,,http://nla.gov.au/nla.obj-711074901-t,7795619 - Internet,image,232569042,https://trove.nla.gov.au/work/232569042
Kaukasus : Caucasus = Caucase = Cáucaso / Reise Know-How,2014,Reise Know-How Verlag,,https://trove.nla.gov.au/work/194578481,held,image,194578481,https://trove.nla.gov.au/work/194578481
"Carte des pays voisins de la Mer Caspiene : dressée pour lusage du Roy sur la carte de cette mer faite par lordre du Czar sur les memoires manuscrits de Soskam-Sabbas, Prince de Georgie, sur ceux de Mrs. Crusius, Zurabek et Fabritius, ambassadeurs a la cour de Perse et sur les éclairissemens tirez dun grand nombre de persones intelligentes du pais /cassujetie aux observations astronomiques par G. Delisle Geog. de lAcad. Roy. des Scien",1730-1733,"LIsle, Guillaume de, 1675-1726",,http://nla.gov.au/nla.obj-231199961-t,"3415892 - MAP RM 159, 3295333 - MAP Ra 26",image,30532288,https://trove.nla.gov.au/work/30532288
"Hayotsʻ mets egheṛně : Armenian genocide : 100, 1915-2015, 1894-96, 1909, 1915-22 / author, G. Beglaryan ; project A. Muradyan",2015,"Beglaryan, Grigor",,https://trove.nla.gov.au/work/231807522,7787212 - MAP G7431.S6 2015,image,231807522,https://trove.nla.gov.au/work/231807522
Topograficheskai︠a︡ karta Sovetskogo Soi︠u︡za masshtaba 1:200 000,1979,Soviet Union. Glavnoe upravlenie geodezii i kartografii,,http://nla.gov.au/nla.obj-234033268-t,4977559 - MAP G3200 s200,image,255539431,https://trove.nla.gov.au/work/255539431
Ethnolinguistic groups in the Caucasus region,1992-1995,United States. Central Intelligence Agency,,https://nla.gov.au/nla.obj-2075034745-t,"8123590 - MAP G7121.E3 1995, 8123587 - MAP G7121.E3 1993, 8123580 - MAP G7121.E3 1992",image,10854168,https://trove.nla.gov.au/work/10854168
"5ti verstnai︠a︡ karta Kavkaza, s prilezhashchemi chasti︠a︡mi Turt︠s︡īi i Persīi / Voenno-topograficheskīĭ otdi︠e︡l",1880-1917,Russia. Kavkazskīĭ voennyĭ okrug. Voenno-topograficheskīĭ otdi︠e︡l,,http://nla.gov.au/nla.obj-892588349-t,7899046 - MAP G7120 s210,image,12552418,https://trove.nla.gov.au/work/12552418
The Daily Telegraph war map of Egypt and the Near East. (no. 6) / by Alexander Gross,1918,"Gross, Alexander, 1879-1958","Scale ca. 1:42,240,000; 100 mi. to 1 1/2 in. (E 18°--E 40°/N 16°--N 31°)",https://nla.gov.au/nla.obj-233672692-t,,image,247835755,https://trove.nla.gov.au/work/247835755
Eastern Turkey and vicinity / Central Intelligence Agency,2002,United States. Central Intelligence Agency,,https://nla.gov.au/nla.obj-2971062973-t,960592 - MAP G7430 2002,image,16638990,https://trove.nla.gov.au/work/16638990
Hayastan cartografic material / patrastetsʻin Garin Hambarean ew Hakob Latoyean,2000,"Hambarean, Garin",,https://trove.nla.gov.au/work/248597384,,image,248597384,https://trove.nla.gov.au/work/248597384
Haykakan leṛnashkharhi hushardzanner / nakhagitsě--A. Muradyan ; heginak--Kollazh SPĚ = Monuments of Armenian Highland / Collage Agency ; project--A. Mouradyan ; author--Collage Ltd,2003-2005,"Beglaryan, Grigor",,https://trove.nla.gov.au/work/182834728,,image,182834728,https://trove.nla.gov.au/work/182834728
Map of Asia minor : to illustrate the journeys of W. I. Hamilton esqr. 1836-1837 / compiled from original documents by John Arrowsmith,1842,"Arrowsmith, John, 1790-1873",,https://nla.gov.au/nla.obj-2905366209-t,484091 - MAP Ra 112,image,19461198,https://trove.nla.gov.au/work/19461198
"Mapa departamental, Quindío, 1:100.000 : compatible GPS / mapa elaborado por el Instituto Geográfico Agustín Codazzi, apoyado en la red geodésica y con base en cartografía básica a escalas 1:25.000 y 1:100.000 e imágenes de satélite Landsat ETM 9-57 de 2002",2006,"Instituto Geográfico ""Agustín Codazzi",,https://trove.nla.gov.au/work/247921319,,image,247921319,https://trove.nla.gov.au/work/247921319
Asia secunda pars terrae in forma Pegasir,1581,"Bünting, Heinrich, 1545-1606.",,http://digital.sl.nsw.gov.au/delivery/DeliveryManagerServlet?embedded=true&toolbar=false&dps_pid=IE3761847,Held,image,260730994,https://trove.nla.gov.au/work/260730994
Aprilean Egheṛni kʻartes,1965,"Khanzadian, Z. (Zadig), 1886-",,https://trove.nla.gov.au/work/251637509,,image,251637509,https://trove.nla.gov.au/work/251637509
Republic of Turkey : Turkiye Cumhuriyeti / Central Intelligence Agency,2002,United States. Central Intelligence Agency,,https://nla.gov.au/nla.obj-2971062488-t,592045 - MAP G7430 2002,image,16638874,https://trove.nla.gov.au/work/16638874
A new and accurate map of Turkey in Asia : from the best authorities,1808,"Brown, Thomas, active 1801-1808",,https://trove.nla.gov.au/work/20262141,3581679 - MAP Ra 77,image,20262141,https://trove.nla.gov.au/work/20262141
República de Colombia,1998,"Instituto Geográfico ""Agustín Codazzi."". Subdirección Cartográfica",,https://trove.nla.gov.au/work/247921218,,image,247921218,https://trove.nla.gov.au/work/247921218
"Zurzuna : 1:200,000 Turkey, Sheet A16 / compiled, drawn and reproduced by 19th Field Survey Coy., R.E. (88), Jan. 1942, from War Office black pulls of G.S.G.S. 4193",1942,"Great Britain. Army. Royal Engineers. Field Survey Company, 19th",,https://trove.nla.gov.au/work/37568637,G7430 s200,image,37568637,https://trove.nla.gov.au/work/37568637
"Carte générale de lAsie-Mineure, de lArménie, de la Syrie, de la Mésopotamie, du Caucase & / par A. H. Brué, géographe de S.A.R. Monsieur",1830-1832,"Brué, Adrien Hubert, 1786-1832",,https://trove.nla.gov.au/work/26890197,MAP Ra 107,image,26890197,https://trove.nla.gov.au/work/26890197
"Carte générale de lAsie-Mineure, de lArménie, de la Syrie, de la Mésopotamie, du Caucase & a / par A. H. Brué, géographe de S.A.R. Monsieur",1830-1832,"Brué, Adrien Hubert, 1786-1832",,https://trove.nla.gov.au/work/255457757,4513598 - MAP Ra 107,image,255457757,https://trove.nla.gov.au/work/255457757
Verschiedene propspecte der vornemsten stadten in Persien / Johann Baptist Homann,1762,"Homann, Johann Baptist, 1663-1724",,http://hdl.loc.gov/loc.gmd/g7421a.ct003749,,image,178088204,https://trove.nla.gov.au/work/178088204
"Angling in troubled waters : Der Fischfang im Trüben = La pêche en eau trouble = La pesca nelle acque turbes : a serio-comic map of Europe / by Fred. W. Rose, author of the ""octopus"" map of Europe ; Matt. Hewardine, from design by Fred. W. Rose",1899,"Rose, Fred. W. (Frederick W.)",,http://nla.gov.au/nla.obj-232519231-t,6492590 - MAP RM 4761,image,191187198,https://trove.nla.gov.au/work/191187198
"Eastern Europe 1:250,000 / prepared by the Army Map Service, Corps of Engineers, U.S. Army",1947-1952,United States. Army Map Service,,http://nla.gov.au/nla.obj-234188575-t,5080292 - MAP G7010 s250,image,19616662,https://trove.nla.gov.au/work/19616662
"La geografia di Claudio Tolomeo Alessandrino / nuovamente tradotta di Greco in Italiano da Girolamo Ruscelli, con espositioni del medesimo, particolar di luogo in luogo, & uni-versali sopra tutto il libro ..",1561,"Ptolemy, active 2nd century","LA GEOGRAFIA DI CLAVDIO TOLOMEO ALESSANDRINO, Nuouamente tradoţa di Greco in Italiano, DA GIROLAMO RVSCBLLI, Con Espositioni del medesimo, particolari di luogo in luogo, & uniuersati uersati sopra ...",https://nla.gov.au/nla.obj-477012129-t,,image,237506878,https://trove.nla.gov.au/work/237506878
"Russia : Ukraine, Belarus / Hema",2015,Hema Maps (Firm),,https://trove.nla.gov.au/work/245854550,8549788 - MAP G7001.P2 2015,image,245854550,https://trove.nla.gov.au/work/245854550
Serio-comic war map for the year 1877 / F.W. Rose,1877,"Rose, Fred. W. (Frederick W.)",,http://nla.gov.au/nla.obj-234412740-t,6289126 - MAP RM 4695,image,182071509,https://trove.nla.gov.au/work/182071509
Serio-comic war map for the year 1877 / by F.W. Rose,1877,"Rose, Fredk. W. (Frederick W.)",,https://trove.nla.gov.au/work/256430113,Held,image,256430113,https://trove.nla.gov.au/work/256430113
"Tubinger Atlas des Vorderen Orients / hrsg. vom Sonderforschungsbereich 19 ""Tubinger Atlas der Vorderen Orients"" d. Univ. Tubingen",1977-1994,"Sonderforschungsbereich 19 ""Tübinger Atlas des Vorderen Orients",,https://nla.gov.au/nla.obj-236093387-t,2725001 - MAP G7420 svar,image,9368091,https://trove.nla.gov.au/work/9368091
Religion in Seleukid Syria: gods at the crossroads (301-64 BC),2010,Nicholas Luke Wright,"The dissertation Religion in Seleukid Syria: gods at the crossroads (301-64 BC) takes an integrative approach to the study of Hellenistic cult and cultic practices across the Levant during the period of domination by the Seleukid dynasty. It employs a synthesis of archaeological, numismatic and historical evidence in order to establish an overview of religion in a period and region which is often under-represented in standard historical accounts, both ancient and modern. -- This study discusses religion on two principal levels, that of the state, and that of the individual communities which made up the state. An investigation of state attitudes towards religion discusses the manipulation of both Hellenic and indigenous beliefs by the king and his court in order to secure support among the military and the wider populace. It also places the establishment of the royal cult within this framework and illustrates how and why members of the royal family attained godhead in their own lifetime. With respect to individual communities, the study presents a series of case studies that explore the evidence for religious activity at a local and regional level. This principally takes the form of a study of cultic buildings, but encompasses issues of religious festivals and ritual activity where the evidence allows. -- The investigation of Syrian cult under the Seleukids has three principal outcomes. It documents one of the principal aspects of the lives of the past communities. Secondly it outlines the development of religious practices and expression in the region which was the birthplace of the modern worlds three most influential monotheistic religions. Finally, the research methodology allows religion to be used as a lens through which the wider processes of acculturation and rejection within a colonial context may be explored - processes which continue to effect our own increasingly cosmopolitan world.",https://s3-eu-west-1.amazonaws.com/ppreviews-mq-1876844150/34537226/thumb.png,,image,250661686,https://trove.nla.gov.au/work/250661686
"The Kingdom of Elymais (ca. 301 BC-224 AD): a comprehensive analysis (archaeological, artistic, and textual) of one of the most important minor reigns in southern Iran",2017,Davide Salaris,"The Seleucid and Arsacid periods (ca. 301 BC – 224 AD)‚ spanning the centuries from the end of the Achaemenid dynasty to the rise of the Sasanid empire with the arrival of Ardashir ‚ long persisted as one of the most obscure hiatus in the history of southwestern Iran. Although less renowned than its neighbours in the lowlands of Susiana and Mesopotamia, the Zagros-Bakhtiari highland (now the mountainous part of the Khuzestan‚ and the Kohgiluyeh and Buyer Ahmad provinces) represents nonetheless a distinctive cultural lens through which the heterogeneous socio-political dynamics about one of the most vital regions of western Asia may find an explanation. In this context‚ the last survival of the Elamite civilization clearly emerges in that small kingdom which was widely know during the antiquity by the name of Elymais. In reality, while Classical sources speak of Elymais, Mesopotamian authors reproposed the long-established designation of Elam, suggesting that this kingdom – so often overlooked in the academic world – was probably heir to the millennial Elamite kingship and culture. During the last few decades‚ scholars have moderately progressed to disclose a clearer picture of the Elymaean culture and its material evidence‚ even though a comprehensive study has remained surprisingly absent. This work investigates the origin and development of Elymais through both epigraphic and archaeological data‚ and reassessed its relevance placing it in the perspective of the latest archaeological and historical scholarship. A thorough analysis with the aim to confront th etopic of Elymais from all sides (textual, archaeological, cultural) is suggested then to provide for the first time in academic studies a complete vision of all the fragmentary material records so as to collate them as a corpus. I assume that my own efforts may adequately indicate the signiПicance‚ and indeed the necessity‚ to enhance these artistic assets in order to remodel the Elymaean history and socio-cultural identity. Narrowing the gap in scholarship through the elaboration of a critical review‚ which is also refined by supplementary data from written sources and other prospects of the material attestation‚ a new general overview has been elaborated for this intriguing society.",https://s3-eu-west-1.amazonaws.com/ppreviews-mq-1876844150/34542215/thumb.png,,image,233550448,https://trove.nla.gov.au/work/233550448
"Metals in Agbogbloshie e-waste recycling site, Accra, Ghana: distribution, bioaccessibility and health risk assessment",2019,Michael Acka,"Due to the scarcity of information on the impacts of e-waste on terrestrial and aquatic systems, this study was designed to provide current and timely information on solid and aqueous phase contamination around two informal e-waste recycling sites in Agbogbloshie (Accra, Ghana) and Ashaiman (Tema, Ghana). Field procedures involved sampling 180 urban soil samples, 88 surface dust samples, 96 surface water samples, 21 sediment samples, 32 agricultural soils and 49 leafy vegetables in Agbogbloshie and control sites. Thirteen soil samples were collected in Ashaiman Fitter Line e-waste recycling site. Samples were analysed for total and bioaccessible metal concentrations and mineralogy. Elevated metal concentrations were found in soil and surface dust. Garden soil and leafy vegetables were not contaminated. Dissolved elements were found in small concentrations in the surface waters. Quartz was the dominant mineral in the dust, with albite, anglesite, calcite and tenorite. Bioavailability of metals in selected samples of floor dust, garden soils and leafy vegetables were determined using in vitro extraction employing simulated gastric solutions. Copper, zinc and lead were more bioaccessible in vegetables than in surface dust. Iron had the smallest bioaccessible fraction in both soil and vegetables. Lead in urban soils from burn area topsoils, burn area subsoils, dismantling area topsoils and dismantling area subsoils posed non-carcinogenic risks to children and adults in Agbogbloshie. Lead in soils from Ashaiman posed non-carcinogenic risks to children but not adults. Copper concentrations posed significant non-carcinogenic risks to children from burn area topsoils, burn area subsoils, dismantling area topsoils, and also in Ashaiman soil. Carcinogenic risks from arsenic ingestion of contaminated burn area subsoils and dismantling area topsoils was significant for children living in Agbogbloshie. Similarly, soils in Ashaiman posed carcinogenic risks to children living near the e-waste site.",https://s3-eu-west-1.amazonaws.com/ppreviews-mq-1876844150/34538771/thumb.png,,image,246344786,https://trove.nla.gov.au/work/246344786
"Armenia : a historical atlas / Robert H. Hewsen, Christopher C. Salvatico, cartographer-in-chief",2001,"Hewsen, Robert H",,http://www.loc.gov/catdir/enhancements/fy0642/99031955-t.html,held,image,32727166,https://trove.nla.gov.au/work/32727166
The cross in the visual culture of Christian Egypt: Byzantine to Fatimid eras,2018,Gillian Spalding-Stracey,"Egypt is better known for pharaohs, and their legacy, than for Christianity. Yet, in the early centuries after Christ, the Christian monastic movement grew roots and took shape in Egypt. Early adopters of the new faith in Egypt contributed to the development of Christian contemplative life. More relevant to this study, they als oexpressed themselves through material culture. This thesis focuses on representations of the cross, that most fundamental symbol of the Christian faith. More specifically, it is an art historical exploration of the varied designs of the crosses of Christian Egypt, from the fourth to the twelfth century. The corpus, across the monastic landscape, is rich and diverse, reflecting the syncretistic society that commissioned and produced it. The designs are remarkable and sometimes unique. Representations occur in wall paintings, funerary sculpture, architectural features in stone and wood, and on a wide range of domestic and liturgical objects. The study commences with a survey of monastic sites across Egypt, and the identification of significant crosses, acknowledging that the size of the corpus has been diminished by many factors including deliberate destruction, questionable excavation methods of early archaeologists and bounty hunters, ongoing infrastructure projects and the pressures of population. Nonetheless, the thesis is underpinned by a collection of around four hundred images, sourced mainly from archaeological reports and museum collections, which has allowed the designs to be analysed. The image collection has been essential to the project. Through it a typology based on design elements has been proposed. The likely influences apparent in the images have been examined and the symbolism of the motifs accompanying the crosses have been explored. Settings and contexts in which the varied designs occur have also been analysed. Designs have been charted against a timeline, and maps showing the distribution of types have been created to support the text.",https://ndownloader.figshare.com/files/34536386/preview/34536386/thumb.png,,image,232778409,https://trove.nla.gov.au/work/232778409
"Armenia : a historical atlas / Robert H. Hewsen, ; Christopher C. Salvatico, cartographer-in-chief",2001,"Hewsen, Robert H., 1934-2018.",,https://trove.nla.gov.au/work/263561636,F 911.4756 HEW,image,263561636,https://trove.nla.gov.au/work/263561636
Romanization in Syria-Palestine in the late republic and early empire,1986,Robyn Tracey,"My previous thesis, submitted for a degree of Master of Arts with Honours, School of History, Philosophy and Politics, Macquarie University, 1981, established the methodological basis for the present study, in particular differentiating between Romanization the deliberate policy and Romanization the effect, providing a working definition of ""Romanization"", and distinguishing three major degrees of Romanization, superimposition, imitation and creative response; it also established the significance in terms of Romanization for the purpose of the study of a number of contentious type fossils, and determined the intrinsic limitations of the various types of evidence. -- The present thesis proceeds from this to investigate Romanization the effect in the Syrian lands, its primary aim being to demonstrate that a minimum amount of Romanization did occur. The first five chapters delineate the course of the process of Romanization from its beginning to the end of what may be termed its formative phase, dividing suitably dated material into seven Periods, from the first known contact between Rome and Syria to the death of Caracalla, in order to chart its progress; the most significant trends which emerge during this timespan and continue beyond it are dealt with in a brief Epilogue. This same evidence is then reunited with the material which cannot be dated closely enough for chronological treatment (a large proportion of the total) in a final chapter, and studied according to the aspect of life to which it pertains, in order to make some assessment of the overall minimum impact of Rome on the culture of the area, and to gain some insight into the nature of this impact.",https://s3-eu-west-1.amazonaws.com/ppreviews-mq-1876844150/34535603/thumb.png,,image,250661722,https://trove.nla.gov.au/work/250661722
Artaxerxes II,2015,John Shannahan,"This thesis codifies what is known of events under Artaxerxes II in order to expand our understanding of the man and his reign. A secondary purpose of the thesis is to assess the validity of the negative image of Artaxerxes II which has persisted in modern literature. In the author’s opinion, Artaxerxes II has been unfairly maligned. The thesis contends that the information available for Artaxerxes II’s reign has been underutilised in scholarship up to this point. Although the sources are fragmented and challenging, Artaxerxes II can be seen to have deftly manipulated the Greeks while furthering his own aims. Thus, this work presents a critical re-appraisal of the hostile Greek and Roman sources, combined with a new study of numismatic evidence. This involves re-evaluation of scholarship focused on the eastern Mediterranean during the fourth century, and the standard interpretations of interaction between the Greek world and the Achaemenid Empire under Artaxerxes II. The reassessment here works chronologically through his reign. This begins with an analysis of the information for Artaxerxes II’s early life and reign. The second chapter presents the evidence for the Persian response to the Spartan incursions of the 390s, including a thesis for a partnership with Athens to continue beyond the decade. It then presents a revised chronology of the 380s, and an account of the Egyptian campaign of the 370s and its diplomatic vanguard in the 375/4 King’s Peace rescript. The final chapter argues that the Satraps’ Revolt does not necessitate the rejection of evidence arbitrarily, as current interpretations do. The evidence can be read coherently. In the midst of these discussions, the thesis challenges the notion that Artaxerxes II was distant and afforded his satraps too much autonomy by highlighting the ways local administrators engaged with his imperial ideology through coin types.",https://s3-eu-west-1.amazonaws.com/ppreviews-mq-1876844150/34543337/thumb.png,DS284.4 .S53 2015,image,200514077,https://trove.nla.gov.au/work/200514077
"Lead (Pb) contamination in low- and middle-income countries: exposures, outcomes and mitigation",2019,Bret Ericson,"Human lead exposure contributes to a number of adverse health and social outcomes. The most significant historical source of exposure was the addition to tetraethyl lead (TEL) to petrol throughout the 20th century, which resulted in widespread contamination of human and natural environments. By the early 21st century nearly all countries had taken steps to phase out the use of TEL. Subsequent biological assessments of humans have universally shown significant and rapid declines in lead concentrations, typically measured in blood. In high income countries, the declines were particularly substantial. In the United States, for example, mean blood lead levels (BLLs) are currently < 1 μg/dL compared to > 15 μg/dL before the 1976 phase out. In contrast BLLs in low- and middle-income countries (LMICs )have remained elevated, with national mean BLLs above 5 μg/dL in multiple locations. Despite this, little is known about the continued nature and extent of lead exposure in LMICs. This thesis sought to characterize sources of human lead exposure in LMICs, quantify their impact, and propose methods of mitigation. It is comprised of 12 studies arranged in three chapters along these themes. In the first chapter, sources of human lead exposure in LMICs were evaluated through a systematic literature review and in situ assessment. In the second chapter, the attributable disease burden of some of those sources was quantified using common public health metrics, primarily Disability Adjusted Life Years (DALYs). Finally, in the third chapter, mitigation case studies were executed in three different countries and evaluated for their efficacy. The thesis contends that lead exposure in LMICs is primarily industrial in nature and results in a larger disease burden than is currently estimated. In addition it argues that cost effective measures exist to mitigate some of the more significant sources of exposure.",https://s3-eu-west-1.amazonaws.com/ppreviews-mq-1876844150/34525358/thumb.png,,image,247481488,https://trove.nla.gov.au/work/247481488
"Assessing the drivers, policies and measures that affect greenhouse gas emissions: an econometric analysis",2019,Samuel Asumadu-Sarkodie,"As a contribution to the global debate on mitigating climate change and its impacts, this thesis examined the drivers of greenhouse gas emissions using an econometric approach.The investigation of the nexus between environmental pollution economic growth in Africa confirms the validity of the EKC hypothesis in Africa at a turning point of US$ 5,702 GDP per capita. However, the nexus between environmental degradation and economic growth reveals a U shape at a lower bound GDP of US$ 101/capita and upperbound GDP of US$ 8,050/capita, at a turning point of US$ 7,958 GDP per capita, confirming the scale effect hypothesis. The empirical findings revealed that energy consumption, food production, economic growth, permanent crop, agricultural land,environmental pollution, birth rate, and fertility rate play a major role in environmental degradation and pollution in Africa, thus, supporting the global indicators for achieving the Sustainable Development Goals by 2030. In accordance with the Sustainable Development Goal 17 of improving global partnership for sustainable development, we examined the effect of foreign direct investment inflows, economic development, and energy consumption on greenhouse gas emissions from 1982-2016 for the top five emitters of greenhouse gas emissions from fuel combustion in the developing countries, namely; China, India, Iran, Indonesia and South Africa. The study employed a panel data regression with Driscoll-Kraay standard errors, U test estimation approach and panel quantile regression with non-additive fixed-effects. The study found a strong positive effect of energy consumption on greenhouse gas emissions and confirmed the validity of the pollution haven hypothesis. The environmental Kuznets curve hypothesis is valid for China and Indonesia at a turning point of US$ 6,014 and US$ 2,999; second, a U-shape relationship is valid for India and South Africa at a turning point of US$ 1,476 and US$ 7,573. Foreign direct investment inflows with clean technological transfer and improvement in labor and environmental management practices will help developing countries to achieve the sustainable development goals. Mitigation of greenhouse gas emissions depends on enhanced energy efficiency, adoption of clean and modern energy technologies, such as renewable energy, nuclear, and the utilization of carbon capture and storage for fossil fuel and biomass energy generation processes. To examine the factors contributing to adverse greenhouse gas emission and economic impacts relative to their development, we examined the EKC and Environmental Sustainability curve hypotheses for Australia, China, Ghana and the USA from 1971-2013. The study revealed that a decline of carbon dioxide emissions in developed countries can be attributed to a paradigm shift and structural change from high-energy intensive and carbon-intensive industries to services and information-intensive industries. The increasing levels of carbon dioxide emissions in developing and least developing countries can be attributed to the economy driven agriculture, transport, and services. Environmental policies and regulations in developing and least developing countries are weaker compared to developed countries, as such, they become a haven for high-energy and carbon-intensive industries. The high awareness of environmental sustainability, technological advancement, stringent environmental regulations and policies in developed countries result in a decline in energy intensity and a decline in carbon dioxide emissions. The Environmental Sustainability Curve hypothesis shows that the affecting factors include economic growth, energy consumption patterns and carbon dioxide emissions. The study reveals electric power consumption as the main contributor of energy intensity in the selected countries. Decoupling economic growth from electric power consumption and improving energy efficiency in China, Ghana, Australia, and the USA will enhance energy security and decline the economic related dynamics and activities on the environment.",https://s3-eu-west-1.amazonaws.com/ppreviews-mq-1876844150/34529963/thumb.png,,image,247765004,https://trove.nla.gov.au/work/247765004
The growth and development of Albury-Wodonga 1972-2006: united and divided,2012,Clara Stein,"Albury and Wodonga are contiguous twin towns astride the Murray River the border between New South Wales and Victoria and at a casual glance appear to be functioning as one town. In 1972 the Federal Labor Whitlam government and the States of Victoria and New South Wales established the Albury-Wodonga Growth Centre and appointed the Albury-Wodonga Development Corporation to plan and develop the project which included the building of two new satellite towns, Thurgoona and Baranduda. The Growth Centre policy is underpinned by the popular Growth Poles and Growth Centre theories of the day, which were circulating in Europe and North America. Albury and Wodonga were selected for development as a Growth Centre as they had already shown evidence of economic development and population growth. The theories of spatial concentration, industrial location, and regional agglomeration explain the development of the Growth Centre over three historical periods in Australia including the end of the Long Boom which encompasses the Whitlam years, the lead up to and the restructuring of the Australian economy by the Hawke-Keating governments (1976-1991), and the return to prosperity under the Howard government (1996-2006). Three issues were examined in this thesis. First, the reasons why Albury-Wodonga continued to grow in its unique way as an inland centre. Second, the role of the cross border location in generating reasons for growth and creating anomalies. Third an understanding of the brief and unique Federal intervention which has shaped Albury-Wodonga. The development of the Albury-Wodonga Growth Centre has been the first and last occasion, in the past forty years, that the Federal government has directly intervened in State regional affairs. Fieldwork provided a contemporary narrative from stakeholders in the Growth Centre about events over the three historic periods and the impact of anomalies on commerce, industry and residents. The thesis attempts to add to the research about internal borders and inland centres in Australia...",https://s3-eu-west-1.amazonaws.com/ppreviews-mq-1876844150/34537994/thumb.png,,image,250661667,https://trove.nla.gov.au/work/250661667
"Superstition, sin and subversion: maritime culture in Constantinople and port cities of the East in Late Antiquity and Early Byzantium",2017,Janet Wade,"The importance of sea-going trade to the Late Antique economy is widely recognised in scholarship, yet the people associated with this trade and its social impact are often overlooked. The sea played a significant social and cultural role in the lives, traditions and psyche of those living in and around the Mediterranean and Black Sea regions. In large port cities like Constantinople and Alexandria, the maritime community must have had a substantial effect on everyday life, culture and social dynamics. This thesis examines the people and professions which comprised maritime society. It looks at leisure establishments such as taverns, theatres, baths and brothels, and at those who worked in them, servicing mariners when they were onshore. Civil and maritime legislation, literary sources and archaeological evidence are investigated to conduct a sociological study of maritime society, its associated culture, and its influence on general society in the fourth to seventh centuries. The idea that members of the maritime community were collectively viewed as outsiders on the periphery of society is explored. So too is the role of sailors and sea-merchants in lower-class leisure culture in urban centres. Distinguishing features of maritime sub-culture are considered, including seafaring superstitions, traditions and practices. The role of maritime society in episodes of unrest is also investigated. Mariners provided strong-arm support for religious and political leaders, displayed a natural propensity for trouble, and were the perfect recruits for a range of uprisings. Importantly, the maritime community also facilitated communication networks that enabled institutions like the Church and circus factions to function as successful empire-wide organisations. Maritime sub-culture may have been an undesirable element of society, yet it was a significant one. It helped to shape the nature of Late Antique and Early Byzantine society and culture; even in Constantinople, the Queen of Cities.",https://s3-eu-west-1.amazonaws.com/ppreviews-mq-1876844150/34542752/thumb.png,,image,235257829,https://trove.nla.gov.au/work/235257829
"Big history: the role of universal Darwinism, collective learning, & the rise of complexity in the longue durée",2015,David Baker,"This thesis demonstrates how the annaliste schools search for broad trends over a few centuries can be connected to Big Historys search for broad trends over 13.8 billion years. The rise of complexity through Universal Darwinism is linked to the annaliste idea of population cycles by the idea of collective learning - which is itself part of the Darwinian process of cultural evolution. On this basis, the macro and micro trends of history are connected. At one end, annaliste population cycles influenced the events of conventional history 5000 to 250 years ago by profoundly influencing the rise and decline of living standards, population numbers, elite incomes, and sociopolitical instability. The Big History concept of collective learning explains both why those population cycles occurred in agrarian civilisations and why there was a transition to the Industrial Revolution, since accumulation of knowledge raised the carrying capacity of the human population, and thus the number of potential innovators. I also examine periods when severe population decline caused accumulated knowledge and the carrying capacity to decline. The carrying capacity has a profound influence on all stages of human history. This work extends the chronology of human history back to 200,000 years of hunter-gatherers and 2 million years of hominine evolution, in which collective learning also played a role in population growth. Collective learning is itself a form of cultural evolution, which is in turn a manifestation of the Darwinian algorithm. The latter is a process of random variation and non-random selection that raises the free energy rate density or complexity of certain areas of the Universe: from culture, to biology, to chemicals and minerals, to stellar elements, and the theoretical formation of multiple universes. A portion of this thesis is given over to the role of the Darwinian algorithm in these processes and also to showing how the grand narrative of Big History and even the events of human history are part of the broadest trend of rising complexity in the Universe.",https://ndownloader.figshare.com/files/34545293/preview/34545293/thumb.png,D16.9 .B35 2015,image,198419128,https://trove.nla.gov.au/work/198419128
Historic maps of Armenia : the cartographic heritage / Rouben Galichian ; preface by Christopher J. Walker,2004,"Galichian, Rouben",,http://www.loc.gov/catdir/enhancements/fy0628/2005633187-t.html,held,image,29371531,https://trove.nla.gov.au/work/29371531
Atlas Hayastani ev harakidz erkrneri : Atlas Armenia and adjacent countries / G. Beglarian,2007,"Beglaryan, Grigor",,https://trove.nla.gov.au/work/37287337,held,image,37287337,https://trove.nla.gov.au/work/37287337
The construction of episcopal authority in late antique Gaul: a case study of the role of canon law from the sixth century,2014-2016,"Loftus, Susan","A number of authorities were transformed in the late antique successor kingdoms of Gaul. The Christian community, Church councils and affairs including episcopal appointments were areas where there was an opportunity for the new kings to participate and to develop their own influence. The connection between the episcopal appointments and a bishops authority and legitimacy was elementary, however it has not been considered in this period. Therefore the foundational terminology and procedures for episcopal appointments and their connections to the bishops overall authority and legitimacy are the focus of this thesis. The aims are to examine how the procedures for ecclesiastical appointments were developed through their earliest traditions from other religions and from the Roman institutions. Following a review of the current scholarship and a discussion on the sources, the thesis examines the earliest terminology for leadership appointment in the first Church councils and early Christian writers, followed by a study of the Gallic church councils their role and function in the new successor kingdoms of the Franks, Burgundians and other barbarian dominated areas. The next three chapters analyse the council texts for the terminology of the reference to ordination, election or consecration and compare them to the accounts of such procedures in the other genres. The penultimate chapter considers the ecclesiastical appointments of a family of bishops in the first hundred years of the Frankish period.",https://ndownloader.figshare.com/files/34541582/preview/34541582/thumb.png,BV664 .L64 2016,image,216628380,https://trove.nla.gov.au/work/216628380
"Hayastani patmakan atlas / khmbagir, Vardan Mattʻēosean = Historical atlas of Armenia / edited by Vartan Matiossian",2012,"Mattʻēosean, Vardan",,https://trove.nla.gov.au/work/250722626,,image,250722626,https://trove.nla.gov.au/work/250722626
The roads of Armenia : Hayastani avtochanaparhnerě,2005,"Beglaryan, Grigor",,https://trove.nla.gov.au/work/220059507,,image,220059507,https://trove.nla.gov.au/work/220059507
"Historical atlas of Armenia / text, Garbis Armen ; editing, Vrej-Armen Artinean ; maps and design, Hamo Abdalian = Hayastani patmakan atlas / heghinak, Karpis Armēn ; khmbagir, Vrēj-Armēn Artʻinean ; gtsagrichʻ, Hamō Aptalean",1987,"Armen, Garbis",,https://trove.nla.gov.au/work/18657170,911.5662 HIS,image,18657170,https://trove.nla.gov.au/work/18657170
"The roads of Armenia : Hayastani avtochanaparhnerě / project, A. Muradyan ; author, G. Beglaryan",2013,"Beglaryan, Grigor",,https://trove.nla.gov.au/work/220059500,,image,220059500,https://trove.nla.gov.au/work/220059500
"Armenia, Australia & the Great War / Vicken Babkenian & Peter Stanley",2016,"Babkenian, Vicken, (author.)",Donated by publisher,http://thecollectingbug.com/tor-photos/cards/rusivictoria/24738/p_648670_sma.jpg,,image,230156050,https://trove.nla.gov.au/work/230156050
Hayastani ew harakitsʻ erkrneri avtochanaparhneri atlas / Grigor Beglaryan = Atlas of the roads of Armenia and adjacent countries / Grigor Beglarian,2001,"Beglaryan, Grigor",,https://trove.nla.gov.au/work/179082089,,image,179082089,https://trove.nla.gov.au/work/179082089
Hayastani azgayin atlas / Hayastani Hanrapetutʻyan Kaṛavarutʻyann aṛěntʻer Ansharzh Guykʻi Kadastri Petakan Komite,2007-2008,Geodeziayi ev Kʻartezagrutʻyan Kentron (Armenia),,https://trove.nla.gov.au/work/30947618,6569574 - YYef 2014-626 - YYef 2014-625,image,30947618,https://trove.nla.gov.au/work/30947618
"Ashkharhě ev Hayastaně : ashkharhagrakan atlas / gitakan khmbagir, L. Valesyan ; Hayastani kʻartezneri heghinakner, A. Gasparyan ... et al. ; targmanutiuně ev taṛadardzutyuně, H. Grgearyani",2006,"Valesyan, Lemvel",,https://trove.nla.gov.au/work/253943436,,image,253943436,https://trove.nla.gov.au/work/253943436
"Erevan : patmaashkharhagrakan atlas / nakhagah, atlasi glkhavor khmbagir, Zakharyan Ervant ; pataskhanatu khmbagir, Petrosyan Hovsepʻ",2009,Armenia (Republic). Ansharzh guykʻi kadastri petakan komite,,https://trove.nla.gov.au/work/238122670,,image,238122670,https://trove.nla.gov.au/work/238122670
"Nova Persiae, Armeniae, Natoliae, et Arabiae / descriptio per F.de Wit",1704,"Visscher, Nicolaes, 1649-1702",,https://trove.nla.gov.au/work/14786022,"3545354 - MAP Ra 16, MAP Ra 16",image,14786022,https://trove.nla.gov.au/work/14786022
Ermenistanın tarihi haritaları : haritacılık geleneği / Ruben Galçıyan; Ermeniceden çeviren: Diran Lokmagözyan,2019,"Galichian, Rouben",,https://trove.nla.gov.au/work/252604894,,image,252604894,https://trove.nla.gov.au/work/252604894
"Hayastaně hamashkharhayin kʻartēzagrutʻean mēj / heghinak, Ṛubēn Galchʻean ; nakhaban: Kʻristofer Ualkʻer ; ṛuserēn tʻargmanutʻiwně Alla ew Karinē Alekʻsaneanneri = Armenii︠a︡ v mirovoĭ kartografii / avtor: Ruben Galchi︠a︡n ; predislovie Kristofera Uokera ; russkiĭ perevod Ally i Karine Aleksani︠a︡n",2005,"Galichian, Rouben",,https://trove.nla.gov.au/work/229736071,,image,229736071,https://trove.nla.gov.au/work/229736071
"Atlas Armenian history / author, Romik Hovhannisyan",2007,"Hovhannisyan, Ṛomik",,https://trove.nla.gov.au/work/37021329,,image,37021329,https://trove.nla.gov.au/work/37021329
"Rapports sur un voyage archéologique dans le Géorgie et dans lArménie, exécuté en 1847-1848 sous les auspices du prince Vorontzof, lieutenant du Caucase / par M. Brosset ... Avec un atlas de 45 planches lithographiées",1851,"Brosset, Marie-Félicité, 1802-1880",,https://trove.nla.gov.au/work/248795564,,image,248795564,https://trove.nla.gov.au/work/248795564
"Atlas Nagorno-Karabakhskoĭ Respubliki / redakt︠s︡ionnai︠a︡ kollegii︠a︡ atlasa, Vardani︠a︡n Manuk (predsedatelʹ, glav. redaktor) ... i dr.",2009,"Vardanyan, Manuk",,https://trove.nla.gov.au/work/238699237,held,image,238699237,https://trove.nla.gov.au/work/238699237
"Atlas Armianskoi Sovetskoi Sotsialisticheskoi Respubliki / Glavnoe Upravlenie Geodezii i Kartografii, MGiON, SSSR",1961,Soviet Union. Glavnoe upravlenie geodezii i kartografii,,https://trove.nla.gov.au/work/19444458,ef912.479 A881,image,19444458,https://trove.nla.gov.au/work/19444458
"Istoricheskiĭ atlas Armenii : Blizhniĭ Vostok i I︠U︡zhnyĭ Kavkaz s VIII veka do R.Kh. do XXI veka / Klod Mutafi︠a︡n, Ėrik van Lëv ; predislovie Alena Di︠u︡sellʹe ; izdatelʹ i perevodchik Suren Apiki︠a︡n = Atlas historique de lArménie : Proche-Orient et Sud-Caucase du VIIIe siècle av. J.-C. au XXIe siècle / Claude Mutafian, Èric Van Lauwe ; preface de Alain Ducellier",2012,"Mutafian, Claude",,https://trove.nla.gov.au/work/236766444,,image,236766444,https://trove.nla.gov.au/work/236766444
Iz Armenii v Adzharii︠u︡ : turistskiĭ marshrut / Glavnoe upravlenie geodezii i kartografii pri Sovete Ministrov SSSR,1973,Soviet Union. Glavnoe upravlenie geodezii i kartografii,,https://trove.nla.gov.au/work/239102258,,image,239102258,https://trove.nla.gov.au/work/239102258
Atlas Armianskoi Sovetskoi Setsialisticheskoi Respubliki,1961,Haykakan SSR Gitut`yunneri Akademia,,https://trove.nla.gov.au/work/34629925,1974948 - YYef 2014-260,image,34629925,https://trove.nla.gov.au/work/34629925
Atlas kam ashkharhatsʻuytsʻ takhtakkʻ i pētʹs azgayin dprotsʻatsʻ / ḥōrineatsʻ ew tsragreatsʻ H. Astuatsatur V. Awagean,1860,"Awagean, Astuatsatur",,https://trove.nla.gov.au/work/251665514,,image,251665514,https://trove.nla.gov.au/work/251665514
Votes for Australia : how colonials voted at the 1899-1900 Federation referendums / Glenn Rhodes,2001-2002,"Rhodes, Glenn",,https://trove.nla.gov.au/work/17579878,"M Q328.23099/ 1 DISC; R NQ328.23099/ 1 DISC, Held. Contact the library for interlibrary loan availability",image,17579878,https://trove.nla.gov.au/work/17579878
"China 1:200,000 topographic maps",1970,Soviet Union. Glavnoe upravlenie geodezii i kartografii,,http://nla.gov.au/nla.obj-234032828-t,"4739773 - MAP G3200 s200, 4696801 - MAP G3200 s200, 4696805 - MAP mt 1479 - Digital preservation master",image,30074474,https://trove.nla.gov.au/work/30074474
"Mapas de ruta : la información geográfica de Colombia / IGAC, Instituto Geográfico Agustín Codazzi",2008,"Instituto Geográfico ""Agustín Codazzi",,https://trove.nla.gov.au/work/176997372,,image,176997372,https://trove.nla.gov.au/work/176997372
The church and the gentile world at the first promulgation of the gospel. Considerations on the catholicity of the church soon after her birth. By the Rev. Aug. J. Thebaud,1878,"Thébaud, Augustus J. 1807-1885",,http://openlibrary.org/books/OL6507503M,"270 THE (TCSA Main Collection): v. 1, v. 2; Limited lending policy",image,579940,https://trove.nla.gov.au/work/579940
"Report on the Russian army and its campaigns in Turkey in 1877-1878 / by F.V. Greene ; published by order of the honorable Secretary of War, on the recommendation of the General of the Army",1879-1996,"Greene, F. V. (Francis Vinton), 1850-1921.",,https://trove.nla.gov.au/work/3405520,HELD,image,3405520,https://trove.nla.gov.au/work/3405520
Historical atlas of ancient Christianity / edited by Angelo Di Berardino in collaboration with Gianluca Pilara,2013,"Istituto patristico Augustinianum (Rome, Italy)",,https://trove.nla.gov.au/work/175489489,Held,image,175489489,https://trove.nla.gov.au/work/175489489
An atlas of ancient geography / by Samuel Butler,1822-1845,"Butler, Samuel, 1774-1839",,https://trove.nla.gov.au/work/13168947,Held,image,13168947,https://trove.nla.gov.au/work/13168947
Specimen set of Johnstons penny classical coloured maps : 23 maps,1878-1881,W. & A. K. Johnston Limited,,https://trove.nla.gov.au/work/34628193,2010522 - MAP Ra 332,image,34628193,https://trove.nla.gov.au/work/34628193
Orbis terrarum antiquus a Christiano Theophilo Reichardo quondam in usum iuventutis descriptus / denuo delineavit et commentario illustravit Albertus Forbiger,1854,"Reichard, C. G. (Christian Gottlieb), 1758-1837",,https://trove.nla.gov.au/work/235728840,8044758 - MAP Ra 390,image,235728840,https://trove.nla.gov.au/work/235728840
"The journey of maps and images on the Silk Road / edited by Philippe Foret, Andreas Kaplony",2008,"Forêt, Philippe, 1957-",,https://grinnell.idm.oclc.org/login?url=http://public.ebookcentral.proquest.com/choice/publicfullrecord.aspx?p=467669,HELD,image,35384732,https://trove.nla.gov.au/work/35384732
Atlas,1680-1699,"Wit, Frederik de",,https://hdl.loc.gov/loc.rbc/Rosenwald.316818,"*S 912 M53, held",image,5937596,https://trove.nla.gov.au/work/5937596
World atlas of oil and gas basins / Li Guoyu,2011,"Guoyu, Li",,http://lib.myilibrary.com?id=382658,,image,160669651,https://trove.nla.gov.au/work/160669651
"The Routledge atlas of Central Eurasian affairs / Stanley D. Brunn, Stanley Toops, and Richard Gilbreath",2012,"Brunn, Stanley D",,https://www.taylorfrancis.com/books/9780203118566,HELD,image,159338969,https://trove.nla.gov.au/work/159338969
The legacy of Jihad : Islamic holy war and the fate of non-Muslims / edited by Andrew G. Bostom ; foreword by Ibn Warraq,2005-2008,Ibn Warraq,"In eight parts, Andrew Bostoms collection depicts Islams justification for jihad and its worldwide impact that extended over thirteen centuries of war. He reproduces quotations from the Quran and the Hadith, along with Quranic exegesis by the greatest classical and modern commentators, that provide a rationale for jihad - disproving the argument that only through radical misinterpretation has jihad war been justified. Classical writings from Muslim jurists and theologians and twentieth-century scholars are juxtaposed, which complement each other and provide a fuller description of jihads influence."" ""Extensive primary and secondary source materials are presented, many translated here for the first time into English from their original Arabic, Farsi, and French, making clear that jihad conquests were brutal, imperialist advances, which spurred waves of Muslims to expropriate a vast expanse of land and subdue millions of indigenous peoples. Finally, the book examines how jihad war, as a permanent and uniquely Islamic institution, ultimately regulates the relations of Muslims with non-Muslims to this day. Donated by Maj Gen M.P.J. OBrien Sep 2016",https://lammjewishlibraryaustralia.softlinkhosting.com.au:443/liberty3/OpacLogin?mode=BASIC&openDetail=true&corporation=LammJewishLibraryAust&action=search&queryTerm=uuid%3D%2255c1a98ca9fe28eb00ee8911247e944f%22&operator=OR&url=%2Fopac%2Fsearch.do,Held,image,26441852,https://trove.nla.gov.au/work/26441852
Atlas,1680-1699,"Wit, Frederik de",,https://trove.nla.gov.au/work/260819357,Held,image,260819357,https://trove.nla.gov.au/work/260819357
The Cambridge medieval history maps,1911,"Gwatkin, Henry Melvill",,https://trove.nla.gov.au/work/36730916,"Held. Contact the library for interlibrary loan availability, Held. Contact the library for interlibrary loan availability, Held. Contact the library for interlibrary loan availability, R T0127813",image,36730916,https://trove.nla.gov.au/work/36730916
"Earth platinum associated material : maps, atlases and miscellaneous",2012,Millennium House,,https://content-lists.sl.nsw.gov.au/tabular-list/earth-platinum-associated-material-maps-and-atlas-box-2-central-asia-central-eastern,Held,image,261001377,https://trove.nla.gov.au/work/261001377
Atlas of the ancient Near East : from prehistoric times to the Roman imperial period / by Trevor Bryce ; with an introductory section on the prehistoric Near East by Jessie Birkett-Rees,2016,"Bryce, T. R. (Trevor Robert), 1940-",,https://trove.nla.gov.au/work/209469503,,image,209469503,https://trove.nla.gov.au/work/209469503
Atlas of the ancient Near East : from prehistoric times to the Roman imperial period / by Trevor Bryce ; with an introductory section on the prehistoric Near East by Jessie Birkett-Rees,2016,"Bryce, T. R. (Trevor Robert), 1940-","This atlas provides students and scholars with a broad range of information on the development of the Ancient Near East from prehistoric times through the beginning of written records in the Near East (c. 3000 BC) to the late Roman Empire and the rise of Islam. The geographical coverage of the Atlas extends from the Aegean coast of Anatolia in the west through Iran and Afghanistan to the east, and from the Black and Caspian Seas in the north to Arabia and the Persian Gulf and Indian Ocean in the south.The Atlas of the Ancient Near East includes a wide-ranging overview of the civilizations and kingdoms discussed, written in a lively and engaging style, which considers not only political and military issues but also introduces the reader to social and cultural topics such as trade, religion, how people were educated and entertained, and much more. With a comprehensive series of detailed maps, supported by the authors&rsquo; commentary and illustrations of major sites and key artifacts, this title is an invaluable resource for students who wish to understand the fascinating cultures of the Ancient Near East.",https://www.taylorfrancis.com/books/9781315734811,Held,image,207338379,https://trove.nla.gov.au/work/207338379
Atlas of the ethno-political history of the Caucasus / Arthur Tsutsiev ; translated by Nora Seligman Favorov,2014,"Tsutsiev, Arthur",,https://trove.nla.gov.au/work/187372689,Held,image,187372689,https://trove.nla.gov.au/work/187372689
Inventory of world topographic mapping / compiled by Rolf Böhme ; English language editor: Roger Anson,1989-2013,"Böhme, Rolf",,http://public.eblib.com/choice/publicfullrecord.aspx?p=1838058,"Elsevier SD Books Earth and Planetary Sciences (Legacy 1). Online Access. May be available for document delivery. Restrictions apply., Elsevier SD Books Earth and Planetary Sciences (Legacy 1). Online Access. May be available for document delivery. Restrictions apply., Elsevier SD Books Earth and Planetary Sciences (Legacy 1). Online Access. May be available for document delivery. Restrictions apply.",image,13426797,https://trove.nla.gov.au/work/13426797
National Geographic global atlas,2013-2014,National Geographic Society (U.S.),,https://trove.nla.gov.au/work/185554306,REF 912 NATI Not for Loan,image,185554306,https://trove.nla.gov.au/work/185554306
The decline and fall of the Roman Empire / by Edward Gibbon,1776-2018,"Gibbon, Edward, 1737-1794.",Donated by Major Des McRobbie January 2017,http://thecollectingbug.com/tor-photos/cards/rusivictoria/22392/p_305038_sma.jpg,"Store 018311, 937.06 36 /C, Store 029181",image,3420679,https://trove.nla.gov.au/work/3420679
"Geography : realms, regions, and concepts / H.J. de Blij, Peter O. Muller",1994-2020,"De Blij, Harm J",,http://www.loc.gov/catdir/toc/onix06/99036716.html,"f910 D286.12, f910 D286.10",image,8086682,https://trove.nla.gov.au/work/8086682
Atlas minor Gerardi Mercatoris a I. Hondio plurimis aeneis Tabulis auctus et illustratus : denuo recognit 9 i.e. recognitibus additisque novis delineationibus emendatus,1634,"Mercator, Gerhard, 1512-1594","ATLAS MINOR à I.Hondio plurimis æneis Tabulis auctus et illustratus: denuo recognit9, additisque novis delineationibus emendatus. AMSTERODAMI, Ex officina IOANNIS IANSSONII. CIC ICC XXXIIII. ORBIS ...",http://nla.gov.au/nla.obj-474973955-t,1327370 - MAP Ra 244,image,228158023,https://trove.nla.gov.au/work/228158023
Robinsons modern school atlas of the world / compiled & published by H.E.C. Robinson Pty. Ltd,1940,H.E.C. Robinson Pty Ltd,■ # \ IVv Dei Revised jrcbinscn’s CSV 1 !/ of Modern School e/ltlas OF THE WCIRIG) Compiled & Published by Ii.t.C.RoiBiNSON IPirr.lTD 221 *3 George Sydney© © MT® MIP S> LIST MAPS Page Page AFRI ...,http://nla.gov.au/nla.obj-52859370-t,"M 912/ R, Held",image,19226776,https://trove.nla.gov.au/work/19226776
"Navigantium atque itinerantium bibliotheca, or, A complete collection of voyages and travels : consisting of above six hundred of the most authentic writers ... / by John Harris",1744-1764,"Harris, John, 1667?-1719","To Face the Title Vol. II. desormais George Clifford Earl of Cumberland. Sir Richard Grenvill K.t Sir Walter Ranleigh K. Sir John Hankins K.t M. 1 Navigantium atque Itinerantium Bibliotheca. OR, A ... Navigantium atque Itinerantium Bibliotheca. O R, A COMPLETE COLLECTION OF VOYAGES and TRAVELS. CONSISTING OF ABOVE Six hundred of the moft Authentic Writers, BEGINNING WITH Hackluit, Purchafs, &c. ...",https://nla.gov.au/nla.obj-52928860-t,"Held, RAV/FM4/2",image,13004458,https://trove.nla.gov.au/work/13004458
Atlas maior / F.ci de Wit,1688-1706,"Wit, Frederik de",,https://trove.nla.gov.au/work/228442027,1662192 - MAP Ra 15,image,228442027,https://trove.nla.gov.au/work/228442027
"Australian campaigns in the great war : being a concise history of the Australian naval and military forces, 1914 to 1918 / by Lieut. the Hon. Staniforth Smith ; with a preface by Ernest Scott",1919,"Smith, Staniforth, 1869-1934",Australian Campaigns in the Great War.ANGUS & ROBERTSON LTD. New & Secondhand Booksellers Publishers to University 89 Castlereagh St. Sydney.AUSTRALIAN CAMPAIGNS IN THE GREAT WAR.AUSTRALIAN CAMPAI ...,http://nla.gov.au/nla.obj-528273736-t,HELD,image,12458116,https://trove.nla.gov.au/work/12458116
The Geography / Claudius Ptolemy ; translated and edited by Edward Luther Stevenson ; with an introduction by Joseph Fischer,1478-2006,"Ptolemy, active 2nd century.","CLAVDII PTOLE M Æ I ALEXANDRINI GEOGRAPHICÆ ENAR= RATIONIS LIBRI OCTO. EXBLLIBALDI PIRCKEYMHERI traltione, fedad Gæca & prifca exemplaria à Mi= chaële Villanouano iam primun recogniti. Adieta infu ...",http://nla.gov.au/nla.obj-596549359-t,"Held, RAV/FM4/2, NF912/10; NF912/10 SET ser. 1, v. 1, Held, Held. Contact the library for interlibrary loan availability, M DSM/ F910/ P, Held, M MRB/ Q910/ 29 (16th Century), Held, Held, M MRB/ 910/ M (16th Century), Held, M MRB/Q910/28 (16th Century)",image,3664693,https://trove.nla.gov.au/work/3664693
Compendio della storia generale deviaggi / opera di M. de la Harpe,1781-1790,"La Harpe, Jean-Francois de, 1739-1803","COMPENDIO DELLA STORIA GENERALE DE’ VIAGGI OPERA DI M. DE LA HARPE ACCADEMICO PARIGINO Adorna di Carte Geografiche, e Figure Arricchita d Annotazioni TOMO VIGESIMOSECONDO. VENEZIA 1783. PREESSO ... COMPENDIO DELLA STORIA GENERALE DE’ VIAGGI OPERA DI M. DE LA HARPE ACCADEMICO PARIGINO Adorna di Carte Geografiche, e Figure. Arricchita d Annotazioni TOMO DECIMOQUARTO. VENEZIA 1782. PRESSO VINC ... COMPENDIO DELLA STORIA GENERALE DE VIAGGJ OPERA DI M. DE LA HARPE ACCADEMICO PARIGINO Adorna di Carte Geografiche , e Figure Arricchita d Annotazioni. TOMO TRENTESIMO - QUINTO VENEZIA MDCCLXXXV. ... CONTINUAZIONE DELLA STORIA GENERALE DE’ VIAGGI CHE COMPRENDE I VIAGGI IN EUROPA. TOMO PRIMO. Polonia . A STANISLAO AUGUSTO. COMPENDIO DELLA STORIA GENERALE DE VIAGGJ CONTINUAZIONE DELL OPERA DI ... COMPENDIO DELLA STORIA GENERALE DE’ VIAGGI OPERA DI M. DELA HARPE ACCADEMICO PARIGINO Adorna di Carte Geografiche , e Figure Arricchita dAnnotazioni TOMO SECONDO. VENEZIA MDCCLXXXI. PRESSO RINALD ... COMPENDIO DELLA STORIA GENERALE DE’ VIAGGI OPERA DI M. DE LA HARPE ACCADEMICO PARIGINO Adorna di Carte Geograficbe, e Figure Arricchita d Annotazioni TOMO VIGESIMOSESTO. VENEZIA 1784. PRESSO VINC ... COMPENDIO DELLA STORIA GENERALE DE VIAGGJ OPER A DI. M LA HARPE ACCADEMIC PARIGINO Adorna di Carte Geografiche , e Figure Arricchita d Annotazioni . TOMO TRENTESIMO-QUARTO. VENEZIA MDCCLXXXV. PR ... COMPENDIO DELLA STORIA GENERALE DE’ VIAGGI OPERA DI M. DE LA HARPE ACCADEMICO PARIGINO Adorna di Carte Geografiche, e Figure Arricchita d Annotazioni TOMO VIGESIMONONO. VENEZIA 1784. PRESSO VINC ... COMPENDIO DELLA STORIA GENERALE DE’ VIAGGI OPERA DI M. DE LA HARPE ACCADEMICO PARIGINO Adorna di Carte Geografiche, e Figure. Arricchita d Annotazioni TOMO NONO. VENEZIA 1782. PRESSO VINCENZIO F ... COMPENDIO DELLA STORIA GENERALE DE’ VIAGGJ CONTINUAZIONE DELL’ OTERA DI M. DE LA HARPE ACCADEMICO PARIGINO, Adorna di Carte Geografiche e Figure , Arricchita d Annotazioni. VIAGGJ IN EUROPA DEL S ... COMPENDIO DELLA STORIA GENERALE DE’ VIAGGI OPERA DI M. DE LA HARPE ACCADEMICO PARIGINO Adorna di Carte Geografiche , e Figure Arricchita d ’ Annotazioni TOMO PRIMO. VENEZIA MDCCLXXXI. Presso Rinal ... COMPENDIO DELLA STORIA GENERALE DE’ VIAGGI OPERA DI M. DE LA HARPE ACCADEMICO PARIGINO Adorna di Carte Geografiche, e Figure Arricchita d Annotazioni TOMO TRENTESIMO. VENEZIA 1784 . PRESSO VINCE ... CATTERINA ILIMPERATRICE delle Rllssie COMPENDIO DELLA STORIAGENERALE DE’VIAGGJ CONTINUAZIONE DELL’ ORERA DI M. DE LA HARPE ACCADEMICO PARIGINO Adorna di Carte Geografiche e Figure, Arricchita a An ... COMPENDIO DELLA ST ORIA GENERALE DE’ VIAGGJ CONT INUAZIONE DELL OPERA DI M. DE LA HARPE ACCADEMICO PARIGINO Adorna di Carte Geografiche e Figure , Arricchita di Annotazioni . VIAGGJ IN EUROPA DE ... DESCRIZIONE GEOGRAFICA STORICA, EFISICA DELL ITALIA Secondo le Relazioni moderne dei più accurati curati e più illuminati Viaggiatori nazionali ed Oltramontani TOMO TERZO. Stati marittimi della R ... COMPENDIO DELLA STORIA GENERALE DE VIAGGJ SUPPLEMENTO ALL OPERA DI M. DE LA. HARPE ACCADEMICO PARIGINO. Adorna di Carte Geografiche e Figure VOLUME I. E DELLA COLLEZIONE TOMO TRENTESIMO-NONO. IN ... COMPENDIO DELLA STORIA GENERALE DE’ VIAGGI OPERA DI M. DE LA HARPE ACCADEMICO PARIGINO Adorna di Carte Geografiche , e Figure Arricchita d Annotazioni TOMO VIGESIMOTERZO. VENEZIA 1 7 8 3 . PRESS ... COMPENDIO DELLA STORIA GENERALE DE’ VIAGGI CONTINUAZIONE DELL’ OPERA DI M. DE LA HARE ACCAEMICO PARIGINO Adorna di Carte Geografiche e Figure, Arricchita d Annotazioni. VIAGGJ IN EUROPA DEL SIG. ... COMPENDIO DELLA STORIA GENERALE DE’ VIAGGI OPERA DI M. DE LA HARPE ACCADEMICO PARIGINO Adorna di Carte Geografiche , e Figure. Arricchita d’ Annotazioni TOMO DUODECIMO VENEZIA 1 7 82. PRESSO VINCE ... COMPENDIO DELLA STORIA GENERALE DE’ VIAGGI OPERA PI M. DE LA HARPE ACCADEMICO PARIGINO Adorna di Carte Geografiche , e Figure. Arricchita d Annotazioni TOMO DECIMOQUINTO. VENEZIA 1782. PRESSO VI ... COMPENDIO DELLA STORIA GENERALE DE’ VIAGGI OPERA DI M. DE LA HARPE ACCADEMICO PARIGINO Adorna di Carte Geografiche, e Figure Arricchita d Annotazioni TOMO VIGESIMOQJJINTO. VENEZIA 1784 . PRESSO V ... COMPENDIO DELLA STORIA GENERALE DE’ VIAGGI OPERA DI M. DE LA HARPE ACCADEMICO PARIGINO Adorna di Carte Geografiche, e Figure- Arriccbita d Annotazioni TOMO UN DECIMO. VENEZIA 1782. PRESSO VINCENZ ... COMPENDIO DELLA STORIA GENERALE DE’ VIAGGI OPERA DI M. DE LA HARPE ACCADEMICO PARIGINO Adorna di Carte Geografiche, e Figure Arricchita d Annotazioni TOMO VIGESIMQQUARTO. VENEZIA 1784. PRESSO VI ...",https://nla.gov.au/nla.obj-560468911-t,90382 - RBRS N 910.91 L183,image,6397064,https://trove.nla.gov.au/work/6397064
